{"TranspOpexCost": [[[2022, "POO"], 278350.47137433157], [[2022, "OPO"], 278350.47137433157], [[2022, "OOP"], 278350.47137433157], [[2022, "BBB"], 278350.47137433157], [[2026, "POO"], 264504.039850235], [[2026, "OPO"], 264504.039850235], [[2026, "OOP"], 264504.039850235], [[2026, "BBB"], 264504.039850235], [[2030, "POO"], 255383.8111743927], [[2030, "OPO"], 246691.2657814026], [[2030, "OOP"], 254265.56761741638], [[2030, "BBB"], 262672.075129509], [[2040, "POO"], 239166.7718766993], [[2040, "OPO"], 244111.8685207868], [[2040, "OOP"], 211062.39611960994], [[2040, "BBB"], 248153.27913197255], [[2050, "POO"], 345132.0524586682], [[2050, "OPO"], 316008.3177409172], [[2050, "OOP"], 306109.9270517787], [[2050, "BBB"], 371365.74798677146]], "TranspCO2Cost": [[[2022, "POO"], 19680.227509035623], [[2022, "OPO"], 19680.227509035623], [[2022, "OOP"], 19680.227509035623], [[2022, "BBB"], 19680.227509035623], [[2026, "POO"], 37358.49621547834], [[2026, "OPO"], 37358.49621547834], [[2026, "OOP"], 37358.49621547834], [[2026, "BBB"], 37358.49621547834], [[2030, "POO"], 39992.114979902144], [[2030, "OPO"], 38075.16405969438], [[2030, "OOP"], 38222.95231248286], [[2030, "BBB"], 39281.78496304834], [[2040, "POO"], 34752.77595544161], [[2040, "OPO"], 34236.28543632512], [[2040, "OOP"], 31455.83385838916], [[2040, "BBB"], 34500.5623812469], [[2050, "POO"], 22033.871987594324], [[2050, "OPO"], 29411.361594532416], [[2050, "OOP"], 22261.241234838646], [[2050, "BBB"], 22178.02566705062]], "TranspOpexCostB": [[[2022, "POO"], 54462.45982755227], [[2022, "OPO"], 54462.45982755227], [[2022, "OOP"], 54462.45982755227], [[2022, "BBB"], 54462.45982755227], [[2026, "POO"], 42411.115374512934], [[2026, "OPO"], 42411.115374512934], [[2026, "OOP"], 42411.115374512934], [[2026, "BBB"], 42411.115374512934], [[2030, "POO"], 59033.704363321536], [[2030, "OPO"], 50676.807010444456], [[2030, "OOP"], 52569.01041578002], [[2030, "BBB"], 59287.95406976972], [[2040, "POO"], 38377.99956697291], [[2040, "OPO"], 50532.36697167498], [[2040, "OOP"], 36854.99762295489], [[2040, "BBB"], 46184.70423601872], [[2050, "POO"], 79736.39166588482], [[2050, "OPO"], 81012.26236849031], [[2050, "OOP"], 65678.17832917417], [[2050, "BBB"], 88974.15935847878]], "TranspCO2CostB": [[[2022, "POO"], 4929.343804206655], [[2022, "OPO"], 4929.343804206655], [[2022, "OOP"], 4929.343804206655], [[2022, "BBB"], 4929.343804206655], [[2026, "POO"], 9144.682161184877], [[2026, "OPO"], 9144.682161184877], [[2026, "OOP"], 9144.682161184877], [[2026, "BBB"], 9144.682161184877], [[2030, "POO"], 10277.100270536936], [[2030, "OPO"], 9669.40640441967], [[2030, "OOP"], 9872.159749868233], [[2030, "BBB"], 10181.03626704271], [[2040, "POO"], 2703.980329756056], [[2040, "OPO"], 8819.012947240164], [[2040, "OOP"], 4628.253025209894], [[2040, "BBB"], 6522.667903920646], [[2050, "POO"], 232.87513113664752], [[2050, "OPO"], 887.5554272736113], [[2050, "OOP"], 1.0040052123017061e-13], [[2050, "BBB"], 82.193209273053]], "TransfCost": [[[2022, "POO"], 29638.57504507396], [[2022, "OPO"], 29638.57504507396], [[2022, "OOP"], 29638.57504507396], [[2022, "BBB"], 29638.57504507396], [[2026, "POO"], 38723.90593485001], [[2026, "OPO"], 38723.90593485001], [[2026, "OOP"], 38723.90593485001], [[2026, "BBB"], 38723.90593485001], [[2030, "POO"], 37834.937541835614], [[2030, "OPO"], 38798.31496587869], [[2030, "OOP"], 41851.986149512115], [[2030, "BBB"], 35071.38656011828], [[2040, "POO"], 6594.007594351647], [[2040, "OPO"], 5917.3135500002845], [[2040, "OOP"], 5648.9220047711615], [[2040, "BBB"], 6434.049889999963], [[2050, "POO"], 56621.81567000009], [[2050, "OPO"], 55815.46237665754], [[2050, "OOP"], 54099.58034760328], [[2050, "BBB"], 56736.68767233311]], "EdgeCost": [[[2022, "POO"], 0.0], [[2022, "OPO"], 0.0], [[2022, "OOP"], 0.0], [[2022, "BBB"], 0.0], [[2026, "POO"], 1131000.0], [[2026, "OPO"], 1131000.0], [[2026, "OOP"], 1131000.0], [[2026, "BBB"], 1131000.0], [[2030, "POO"], 8190.0], [[2030, "OPO"], 15956.67], [[2030, "OOP"], 7190.0], [[2030, "BBB"], 10940.0], [[2040, "POO"], 21290.0], [[2040, "OPO"], 20806.67], [[2040, "OOP"], 22290.0], [[2040, "BBB"], 18540.0], [[2050, "POO"], 0.0], [[2050, "OPO"], 0.0], [[2050, "OOP"], 0.0], [[2050, "BBB"], 0.0]], "NodeCost": [[[2022, "POO"], 38275.84000000001], [[2022, "OPO"], 38275.84000000001], [[2022, "OOP"], 38275.84000000001], [[2022, "BBB"], 38275.84000000001], [[2026, "POO"], 0.0], [[2026, "OPO"], 0.0], [[2026, "OOP"], 0.0], [[2026, "BBB"], 0.0], [[2030, "POO"], 0.0], [[2030, "OPO"], 2106.0], [[2030, "OOP"], 0.0], [[2030, "BBB"], 0.0], [[2040, "POO"], 5412.0], [[2040, "OPO"], 2106.0], [[2040, "OOP"], 5412.0], [[2040, "BBB"], 5412.0], [[2050, "POO"], 0.0], [[2050, "OPO"], 0.0], [[2050, "OOP"], 0.0], [[2050, "BBB"], 0.0]], "UpgCost": [[[2022, "POO"], 22000.0], [[2022, "OPO"], 22000.0], [[2022, "OOP"], 22000.0], [[2022, "BBB"], 22000.0], [[2026, "POO"], 0.0], [[2026, "OPO"], 0.0], [[2026, "OOP"], 0.0], [[2026, "BBB"], 0.0], [[2030, "POO"], 0.0], [[2030, "OPO"], 0.0], [[2030, "OOP"], 0.0], [[2030, "BBB"], 0.0], [[2040, "POO"], 140000.0], [[2040, "OPO"], 0.0], [[2040, "OOP"], 140000.0], [[2040, "BBB"], 140000.0], [[2050, "POO"], 0.0], [[2050, "OPO"], 0.0], [[2050, "OOP"], 0.0], [[2050, "BBB"], 0.0]], "ChargeCost": [[[2022, "POO"], 87243.79711632161], [[2022, "OPO"], 87243.79711632161], [[2022, "OOP"], 87243.79711632161], [[2022, "BBB"], 87243.79711632161], [[2026, "POO"], 0.0], [[2026, "OPO"], 0.0], [[2026, "OOP"], 0.0], [[2026, "BBB"], 0.0], [[2030, "POO"], 19267.156177724188], [[2030, "OPO"], 93429.51546761715], [[2030, "OOP"], 36042.400698594945], [[2030, "BBB"], 31983.466085401382], [[2040, "POO"], 24073.26055861142], [[2040, "OPO"], 39246.18930257579], [[2040, "OOP"], 81038.56973161436], [[2040, "BBB"], 86311.27082861746], [[2050, "POO"], 0.0], [[2050, "OPO"], 7.62939453125e-06], [[2050, "OOP"], -1.5501451492309571e-09], [[2050, "BBB"], 1.862645149230957e-09]], "MaxTranspPenaltyCost": [["POO", 337947840527.5129], ["OPO", 324711671680.76666], ["OOP", 335626361628.8014], ["BBB", 336474877202.8022]]}